"","from","to","weight","year"
"1","CHN","ARE",1,2017
"2","CHN","ARE",1,2018
"3","CHN","ARE",1,2019
"4","CHN","ARE",1,2020
"5","CHN","ARE",1,2021
"6","CHN","ARE",1,2022
"7","CHN","ARE",1,2023
"8","CHN","ARE",1,2024
"9","CHN","ARE",1,2025
"10","CHN","BRA",1,2019
"11","CHN","BRA",1,2020
"12","CHN","BRA",2,2021
"13","CHN","BRA",2,2022
"14","CHN","BRA",2,2023
"15","CHN","BRA",2,2024
"16","CHN","BRA",2,2025
"17","CHN","CHL",1,2019
"18","CHN","CHL",1,2020
"19","CHN","CHL",1,2021
"20","CHN","CHL",1,2022
"21","CHN","CHL",1,2023
"22","CHN","CHL",1,2024
"23","CHN","CHL",1,2025
"24","CHN","DEU",1,2017
"25","CHN","DEU",1,2018
"26","CHN","DEU",1,2019
"27","CHN","DEU",1,2020
"28","CHN","DEU",2,2021
"29","CHN","DEU",2,2022
"30","CHN","DEU",2,2023
"31","CHN","DEU",2,2024
"32","CHN","DEU",2,2025
"33","CHN","EGY",1,2024
"34","CHN","EGY",1,2025
"35","CHN","GBR",1,2018
"36","CHN","GBR",1,2019
"37","CHN","GBR",1,2020
"38","CHN","GBR",1,2021
"39","CHN","GBR",1,2022
"40","CHN","GBR",1,2023
"41","CHN","GBR",1,2024
"42","CHN","GBR",1,2025
"43","CHN","HKG",1,2017
"44","CHN","HKG",3,2018
"45","CHN","HKG",3,2019
"46","CHN","HKG",3,2020
"47","CHN","HKG",3,2021
"48","CHN","HKG",3,2022
"49","CHN","HKG",3,2023
"50","CHN","HKG",3,2024
"51","CHN","HKG",3,2025
"52","CHN","IDN",1,2018
"53","CHN","IDN",1,2019
"54","CHN","IDN",2,2020
"55","CHN","IDN",2,2021
"56","CHN","IDN",3,2022
"57","CHN","IDN",3,2023
"58","CHN","IDN",3,2024
"59","CHN","IDN",3,2025
"60","CHN","IRL",1,2023
"61","CHN","IRL",1,2024
"62","CHN","IRL",1,2025
"63","CHN","JPN",1,2017
"64","CHN","JPN",1,2018
"65","CHN","JPN",1,2019
"66","CHN","JPN",1,2020
"67","CHN","JPN",2,2021
"68","CHN","JPN",2,2022
"69","CHN","JPN",2,2023
"70","CHN","JPN",2,2024
"71","CHN","JPN",2,2025
"72","CHN","KOR",1,2020
"73","CHN","KOR",1,2021
"74","CHN","KOR",2,2022
"75","CHN","KOR",2,2023
"76","CHN","KOR",2,2024
"77","CHN","KOR",2,2025
"78","CHN","MEX",1,2024
"79","CHN","MEX",2,2025
"80","CHN","MYS",1,2017
"81","CHN","MYS",1,2018
"82","CHN","MYS",1,2019
"83","CHN","MYS",1,2020
"84","CHN","MYS",1,2021
"85","CHN","MYS",1,2022
"86","CHN","MYS",1,2023
"87","CHN","MYS",1,2024
"88","CHN","MYS",1,2025
"89","CHN","PER",1,2017
"90","CHN","PER",1,2018
"91","CHN","PER",1,2019
"92","CHN","PER",1,2020
"93","CHN","PER",1,2021
"94","CHN","PER",1,2022
"95","CHN","PER",1,2023
"96","CHN","PER",1,2024
"97","CHN","PER",1,2025
"98","CHN","PHL",1,2021
"99","CHN","PHL",1,2022
"100","CHN","PHL",1,2023
"101","CHN","PHL",2,2024
"102","CHN","PHL",2,2025
"103","CHN","SAU",1,2022
"104","CHN","SAU",2,2023
"105","CHN","SAU",2,2024
"106","CHN","SAU",3,2025
"107","CHN","SGP",1,2017
"108","CHN","SGP",1,2018
"109","CHN","SGP",2,2019
"110","CHN","SGP",2,2020
"111","CHN","SGP",3,2021
"112","CHN","SGP",3,2022
"113","CHN","SGP",3,2023
"114","CHN","SGP",3,2024
"115","CHN","SGP",3,2025
"116","CHN","THA",1,2019
"117","CHN","THA",1,2020
"118","CHN","THA",2,2021
"119","CHN","THA",3,2022
"120","CHN","THA",3,2023
"121","CHN","THA",3,2024
"122","CHN","THA",3,2025
"123","CHN","TUR",1,2023
"124","CHN","TUR",1,2024
"125","CHN","TUR",1,2025
"126","CHN","USA",2,2017
"127","CHN","USA",4,2018
"128","CHN","USA",4,2019
"129","CHN","USA",4,2020
"130","CHN","USA",4,2021
"131","CHN","USA",4,2022
"132","CHN","USA",4,2023
"133","CHN","USA",4,2024
"134","CHN","USA",4,2025
"135","CHN","ZAF",1,2019
"136","CHN","ZAF",1,2020
"137","CHN","ZAF",1,2021
"138","CHN","ZAF",1,2022
"139","CHN","ZAF",1,2023
"140","CHN","ZAF",1,2024
"141","CHN","ZAF",1,2025
"142","USA","ARE",1,2019
"143","USA","ARE",1,2020
"144","USA","ARE",2,2021
"145","USA","ARE",3,2022
"146","USA","ARE",3,2023
"147","USA","ARE",3,2024
"148","USA","ARE",3,2025
"149","USA","AUS",5,2017
"150","USA","AUS",5,2017
"151","USA","AUS",6,2018
"152","USA","AUS",6,2018
"153","USA","AUS",7,2019
"154","USA","AUS",7,2019
"155","USA","AUS",8,2020
"156","USA","AUS",8,2020
"157","USA","AUS",9,2021
"158","USA","AUS",9,2021
"159","USA","AUS",10,2022
"160","USA","AUS",10,2022
"161","USA","AUS",10,2023
"162","USA","AUS",10,2023
"163","USA","AUS",10,2024
"164","USA","AUS",10,2024
"165","USA","AUS",10,2025
"166","USA","AUS",10,2025
"167","USA","AUT",1,2023
"168","USA","AUT",1,2023
"169","USA","AUT",1,2024
"170","USA","AUT",1,2024
"171","USA","AUT",2,2025
"172","USA","AUT",2,2025
"173","USA","BEL",1,2017
"174","USA","BEL",1,2018
"175","USA","BEL",1,2019
"176","USA","BEL",1,2020
"177","USA","BEL",1,2021
"178","USA","BEL",1,2022
"179","USA","BEL",1,2023
"180","USA","BEL",1,2024
"181","USA","BEL",2,2025
"182","USA","BHR",1,2019
"183","USA","BHR",1,2020
"184","USA","BHR",1,2021
"185","USA","BHR",1,2022
"186","USA","BHR",1,2023
"187","USA","BHR",1,2024
"188","USA","BHR",1,2025
"189","USA","BRA",3,2017
"190","USA","BRA",3,2017
"191","USA","BRA",3,2018
"192","USA","BRA",3,2018
"193","USA","BRA",4,2019
"194","USA","BRA",4,2019
"195","USA","BRA",4,2020
"196","USA","BRA",4,2020
"197","USA","BRA",6,2021
"198","USA","BRA",6,2021
"199","USA","BRA",6,2022
"200","USA","BRA",6,2022
"201","USA","BRA",6,2023
"202","USA","BRA",6,2023
"203","USA","BRA",6,2024
"204","USA","BRA",6,2024
"205","USA","BRA",6,2025
"206","USA","BRA",6,2025
"207","USA","CAN",4,2017
"208","USA","CAN",4,2017
"209","USA","CAN",5,2018
"210","USA","CAN",5,2018
"211","USA","CAN",6,2019
"212","USA","CAN",6,2019
"213","USA","CAN",7,2020
"214","USA","CAN",7,2020
"215","USA","CAN",9,2021
"216","USA","CAN",9,2021
"217","USA","CAN",9,2022
"218","USA","CAN",9,2022
"219","USA","CAN",10,2023
"220","USA","CAN",10,2023
"221","USA","CAN",10,2024
"222","USA","CAN",10,2024
"223","USA","CAN",11,2025
"224","USA","CAN",11,2025
"225","USA","CHE",3,2019
"226","USA","CHE",3,2020
"227","USA","CHE",3,2021
"228","USA","CHE",4,2022
"229","USA","CHE",4,2023
"230","USA","CHE",4,2024
"231","USA","CHE",4,2025
"232","USA","CHL",1,2020
"233","USA","CHL",1,2020
"234","USA","CHL",2,2021
"235","USA","CHL",2,2021
"236","USA","CHL",2,2022
"237","USA","CHL",2,2022
"238","USA","CHL",3,2023
"239","USA","CHL",3,2023
"240","USA","CHL",3,2024
"241","USA","CHL",3,2024
"242","USA","CHL",4,2025
"243","USA","CHL",4,2025
"244","USA","CHN",2,2017
"245","USA","CHN",2,2017
"246","USA","CHN",4,2018
"247","USA","CHN",4,2018
"248","USA","CHN",4,2019
"249","USA","CHN",4,2019
"250","USA","CHN",4,2020
"251","USA","CHN",4,2020
"252","USA","CHN",4,2021
"253","USA","CHN",4,2021
"254","USA","CHN",5,2022
"255","USA","CHN",5,2022
"256","USA","CHN",5,2023
"257","USA","CHN",5,2023
"258","USA","CHN",5,2024
"259","USA","CHN",5,2024
"260","USA","CHN",5,2025
"261","USA","CHN",5,2025
"262","USA","COL",1,2022
"263","USA","COL",1,2023
"264","USA","COL",1,2024
"265","USA","COL",1,2025
"266","USA","DEU",4,2017
"267","USA","DEU",5,2018
"268","USA","DEU",6,2019
"269","USA","DEU",6,2020
"270","USA","DEU",6,2021
"271","USA","DEU",6,2022
"272","USA","DEU",7,2023
"273","USA","DEU",7,2024
"274","USA","DEU",7,2025
"275","USA","ESP",3,2022
"276","USA","ESP",4,2023
"277","USA","ESP",5,2024
"278","USA","ESP",5,2025
"279","USA","FIN",1,2018
"280","USA","FIN",1,2019
"281","USA","FIN",1,2020
"282","USA","FIN",1,2021
"283","USA","FIN",1,2022
"284","USA","FIN",1,2023
"285","USA","FIN",1,2024
"286","USA","FIN",1,2025
"287","USA","FRA",1,2017
"288","USA","FRA",1,2017
"289","USA","FRA",2,2018
"290","USA","FRA",2,2018
"291","USA","FRA",2,2019
"292","USA","FRA",2,2019
"293","USA","FRA",2,2020
"294","USA","FRA",2,2020
"295","USA","FRA",2,2021
"296","USA","FRA",2,2021
"297","USA","FRA",5,2022
"298","USA","FRA",5,2022
"299","USA","FRA",5,2023
"300","USA","FRA",5,2023
"301","USA","FRA",5,2024
"302","USA","FRA",5,2024
"303","USA","FRA",5,2025
"304","USA","FRA",5,2025
"305","USA","GBR",6,2017
"306","USA","GBR",6,2018
"307","USA","GBR",6,2019
"308","USA","GBR",6,2020
"309","USA","GBR",6,2021
"310","USA","GBR",6,2022
"311","USA","GBR",6,2023
"312","USA","GBR",6,2024
"313","USA","GBR",6,2025
"314","USA","HKG",1,2017
"315","USA","HKG",2,2018
"316","USA","HKG",3,2019
"317","USA","HKG",3,2020
"318","USA","HKG",3,2021
"319","USA","HKG",3,2022
"320","USA","HKG",3,2023
"321","USA","HKG",3,2024
"322","USA","HKG",3,2025
"323","USA","IDN",1,2020
"324","USA","IDN",2,2021
"325","USA","IDN",2,2022
"326","USA","IDN",2,2023
"327","USA","IDN",2,2024
"328","USA","IDN",4,2025
"329","USA","IND",6,2017
"330","USA","IND",6,2017
"331","USA","IND",6,2018
"332","USA","IND",6,2018
"333","USA","IND",7,2019
"334","USA","IND",7,2019
"335","USA","IND",8,2020
"336","USA","IND",8,2020
"337","USA","IND",9,2021
"338","USA","IND",9,2021
"339","USA","IND",10,2022
"340","USA","IND",10,2022
"341","USA","IND",10,2023
"342","USA","IND",10,2023
"343","USA","IND",10,2024
"344","USA","IND",10,2024
"345","USA","IND",10,2025
"346","USA","IND",10,2025
"347","USA","IRL",2,2017
"348","USA","IRL",2,2018
"349","USA","IRL",2,2019
"350","USA","IRL",2,2020
"351","USA","IRL",2,2021
"352","USA","IRL",2,2022
"353","USA","IRL",2,2023
"354","USA","IRL",2,2024
"355","USA","IRL",2,2025
"356","USA","ISR",2,2022
"357","USA","ISR",4,2023
"358","USA","ISR",4,2024
"359","USA","ISR",4,2025
"360","USA","ITA",1,2020
"361","USA","ITA",1,2020
"362","USA","ITA",1,2021
"363","USA","ITA",1,2021
"364","USA","ITA",3,2022
"365","USA","ITA",3,2022
"366","USA","ITA",5,2023
"367","USA","ITA",5,2023
"368","USA","ITA",5,2024
"369","USA","ITA",5,2024
"370","USA","ITA",6,2025
"371","USA","ITA",6,2025
"372","USA","JPN",5,2017
"373","USA","JPN",5,2017
"374","USA","JPN",5,2018
"375","USA","JPN",5,2018
"376","USA","JPN",7,2019
"377","USA","JPN",7,2019
"378","USA","JPN",8,2020
"379","USA","JPN",8,2020
"380","USA","JPN",9,2021
"381","USA","JPN",9,2021
"382","USA","JPN",9,2022
"383","USA","JPN",9,2022
"384","USA","JPN",10,2023
"385","USA","JPN",10,2023
"386","USA","JPN",10,2024
"387","USA","JPN",10,2024
"388","USA","JPN",10,2025
"389","USA","JPN",10,2025
"390","USA","KOR",2,2017
"391","USA","KOR",2,2018
"392","USA","KOR",3,2019
"393","USA","KOR",5,2020
"394","USA","KOR",5,2021
"395","USA","KOR",5,2022
"396","USA","KOR",5,2023
"397","USA","KOR",5,2024
"398","USA","KOR",5,2025
"399","USA","MEX",1,2022
"400","USA","MEX",1,2022
"401","USA","MEX",2,2023
"402","USA","MEX",2,2023
"403","USA","MEX",3,2024
"404","USA","MEX",3,2024
"405","USA","MEX",5,2025
"406","USA","MEX",5,2025
"407","USA","MYS",1,2024
"408","USA","MYS",2,2025
"409","USA","NLD",2,2017
"410","USA","NLD",3,2018
"411","USA","NLD",3,2019
"412","USA","NLD",3,2020
"413","USA","NLD",3,2021
"414","USA","NLD",3,2022
"415","USA","NLD",3,2023
"416","USA","NLD",3,2024
"417","USA","NLD",3,2025
"418","USA","NOR",1,2019
"419","USA","NOR",1,2020
"420","USA","NOR",1,2021
"421","USA","NOR",1,2022
"422","USA","NOR",1,2023
"423","USA","NOR",1,2024
"424","USA","NOR",1,2025
"425","USA","NZL",1,2024
"426","USA","NZL",1,2024
"427","USA","NZL",2,2025
"428","USA","NZL",2,2025
"429","USA","POL",1,2021
"430","USA","POL",1,2021
"431","USA","POL",1,2022
"432","USA","POL",1,2022
"433","USA","POL",2,2023
"434","USA","POL",2,2023
"435","USA","POL",2,2024
"436","USA","POL",2,2024
"437","USA","POL",2,2025
"438","USA","POL",2,2025
"439","USA","QAT",1,2022
"440","USA","QAT",2,2023
"441","USA","QAT",2,2024
"442","USA","QAT",2,2025
"443","USA","SAU",1,2022
"444","USA","SAU",1,2023
"445","USA","SAU",2,2024
"446","USA","SAU",2,2025
"447","USA","SGP",4,2017
"448","USA","SGP",4,2018
"449","USA","SGP",4,2019
"450","USA","SGP",4,2020
"451","USA","SGP",4,2021
"452","USA","SGP",4,2022
"453","USA","SGP",4,2023
"454","USA","SGP",5,2024
"455","USA","SGP",5,2025
"456","USA","SRB",2,2023
"457","USA","SRB",2,2023
"458","USA","SRB",2,2024
"459","USA","SRB",2,2024
"460","USA","SRB",2,2025
"461","USA","SRB",2,2025
"462","USA","SWE",1,2018
"463","USA","SWE",1,2018
"464","USA","SWE",1,2019
"465","USA","SWE",1,2019
"466","USA","SWE",1,2020
"467","USA","SWE",1,2020
"468","USA","SWE",2,2021
"469","USA","SWE",2,2021
"470","USA","SWE",3,2022
"471","USA","SWE",3,2022
"472","USA","SWE",3,2023
"473","USA","SWE",3,2023
"474","USA","SWE",3,2024
"475","USA","SWE",3,2024
"476","USA","SWE",4,2025
"477","USA","SWE",4,2025
"478","USA","THA",2,2025
"479","USA","THA",2,2025
"480","USA","TWN",1,2017
"481","USA","TWN",1,2018
"482","USA","TWN",1,2019
"483","USA","TWN",1,2020
"484","USA","TWN",1,2021
"485","USA","TWN",1,2022
"486","USA","TWN",1,2023
"487","USA","TWN",1,2024
"488","USA","TWN",1,2025
"489","USA","ZAF",1,2019
"490","USA","ZAF",1,2019
"491","USA","ZAF",2,2020
"492","USA","ZAF",2,2020
"493","USA","ZAF",2,2021
"494","USA","ZAF",2,2021
"495","USA","ZAF",3,2022
"496","USA","ZAF",3,2022
"497","USA","ZAF",3,2023
"498","USA","ZAF",3,2023
"499","USA","ZAF",4,2024
"500","USA","ZAF",4,2024
"501","USA","ZAF",4,2025
"502","USA","ZAF",4,2025
