"","pair","year","num_regions","cumulative_regions","provider_country_iso3","host_country_iso3","provider_country_name","host_country_name"
"1","CHN_ARE",2017,0,1,"CHN","ARE","China","United Arab Emirates"
"2","CHN_ARE",2018,0,1,"CHN","ARE","China","United Arab Emirates"
"3","CHN_ARE",2019,0,1,"CHN","ARE","China","United Arab Emirates"
"4","CHN_ARE",2020,0,1,"CHN","ARE","China","United Arab Emirates"
"5","CHN_ARE",2021,0,1,"CHN","ARE","China","United Arab Emirates"
"6","CHN_ARE",2022,0,1,"CHN","ARE","China","United Arab Emirates"
"7","CHN_ARE",2023,0,1,"CHN","ARE","China","United Arab Emirates"
"8","CHN_ARE",2024,0,1,"CHN","ARE","China","United Arab Emirates"
"9","CHN_ARE",2025,0,1,"CHN","ARE","China","United Arab Emirates"
"10","CHN_BRA",2019,1,1,"CHN","BRA","China","Brazil"
"11","CHN_BRA",2020,0,1,"CHN","BRA","China","Brazil"
"12","CHN_BRA",2021,1,2,"CHN","BRA","China","Brazil"
"13","CHN_BRA",2022,0,2,"CHN","BRA","China","Brazil"
"14","CHN_BRA",2023,0,2,"CHN","BRA","China","Brazil"
"15","CHN_BRA",2024,0,2,"CHN","BRA","China","Brazil"
"16","CHN_BRA",2025,0,2,"CHN","BRA","China","Brazil"
"17","CHN_CHL",2019,1,1,"CHN","CHL","China","Chile"
"18","CHN_CHL",2020,0,1,"CHN","CHL","China","Chile"
"19","CHN_CHL",2021,0,1,"CHN","CHL","China","Chile"
"20","CHN_CHL",2022,0,1,"CHN","CHL","China","Chile"
"21","CHN_CHL",2023,0,1,"CHN","CHL","China","Chile"
"22","CHN_CHL",2024,0,1,"CHN","CHL","China","Chile"
"23","CHN_CHL",2025,0,1,"CHN","CHL","China","Chile"
"24","CHN_DEU",2017,0,1,"CHN","DEU","China","Germany"
"25","CHN_DEU",2018,0,1,"CHN","DEU","China","Germany"
"26","CHN_DEU",2019,0,1,"CHN","DEU","China","Germany"
"27","CHN_DEU",2020,0,1,"CHN","DEU","China","Germany"
"28","CHN_DEU",2021,1,2,"CHN","DEU","China","Germany"
"29","CHN_DEU",2022,0,2,"CHN","DEU","China","Germany"
"30","CHN_DEU",2023,0,2,"CHN","DEU","China","Germany"
"31","CHN_DEU",2024,0,2,"CHN","DEU","China","Germany"
"32","CHN_DEU",2025,0,2,"CHN","DEU","China","Germany"
"33","CHN_EGY",2024,1,1,"CHN","EGY","China","Egypt"
"34","CHN_EGY",2025,0,1,"CHN","EGY","China","Egypt"
"35","CHN_GBR",2018,1,1,"CHN","GBR","China","United Kingdom"
"36","CHN_GBR",2019,0,1,"CHN","GBR","China","United Kingdom"
"37","CHN_GBR",2020,0,1,"CHN","GBR","China","United Kingdom"
"38","CHN_GBR",2021,0,1,"CHN","GBR","China","United Kingdom"
"39","CHN_GBR",2022,0,1,"CHN","GBR","China","United Kingdom"
"40","CHN_GBR",2023,0,1,"CHN","GBR","China","United Kingdom"
"41","CHN_GBR",2024,0,1,"CHN","GBR","China","United Kingdom"
"42","CHN_GBR",2025,0,1,"CHN","GBR","China","United Kingdom"
"43","CHN_HKG",2017,0,1,"CHN","HKG","China","Hong Kong"
"44","CHN_HKG",2018,2,3,"CHN","HKG","China","Hong Kong"
"45","CHN_HKG",2019,0,3,"CHN","HKG","China","Hong Kong"
"46","CHN_HKG",2020,0,3,"CHN","HKG","China","Hong Kong"
"47","CHN_HKG",2021,0,3,"CHN","HKG","China","Hong Kong"
"48","CHN_HKG",2022,0,3,"CHN","HKG","China","Hong Kong"
"49","CHN_HKG",2023,0,3,"CHN","HKG","China","Hong Kong"
"50","CHN_HKG",2024,0,3,"CHN","HKG","China","Hong Kong"
"51","CHN_HKG",2025,0,3,"CHN","HKG","China","Hong Kong"
"52","CHN_IDN",2018,1,1,"CHN","IDN","China","Indonesia"
"53","CHN_IDN",2019,0,1,"CHN","IDN","China","Indonesia"
"54","CHN_IDN",2020,1,2,"CHN","IDN","China","Indonesia"
"55","CHN_IDN",2021,0,2,"CHN","IDN","China","Indonesia"
"56","CHN_IDN",2022,1,3,"CHN","IDN","China","Indonesia"
"57","CHN_IDN",2023,0,3,"CHN","IDN","China","Indonesia"
"58","CHN_IDN",2024,0,3,"CHN","IDN","China","Indonesia"
"59","CHN_IDN",2025,0,3,"CHN","IDN","China","Indonesia"
"60","CHN_IRL",2023,1,1,"CHN","IRL","China","Ireland "
"61","CHN_IRL",2024,0,1,"CHN","IRL","China","Ireland "
"62","CHN_IRL",2025,0,1,"CHN","IRL","China","Ireland "
"63","CHN_JPN",2017,0,1,"CHN","JPN","China","Japan"
"64","CHN_JPN",2018,0,1,"CHN","JPN","China","Japan"
"65","CHN_JPN",2019,0,1,"CHN","JPN","China","Japan"
"66","CHN_JPN",2020,0,1,"CHN","JPN","China","Japan"
"67","CHN_JPN",2021,1,2,"CHN","JPN","China","Japan"
"68","CHN_JPN",2022,0,2,"CHN","JPN","China","Japan"
"69","CHN_JPN",2023,0,2,"CHN","JPN","China","Japan"
"70","CHN_JPN",2024,0,2,"CHN","JPN","China","Japan"
"71","CHN_JPN",2025,0,2,"CHN","JPN","China","Japan"
"72","CHN_KOR",2020,1,1,"CHN","KOR","China","Korea, Republic of"
"73","CHN_KOR",2021,0,1,"CHN","KOR","China","Korea, Republic of"
"74","CHN_KOR",2022,1,2,"CHN","KOR","China","Korea, Republic of"
"75","CHN_KOR",2023,0,2,"CHN","KOR","China","Korea, Republic of"
"76","CHN_KOR",2024,0,2,"CHN","KOR","China","Korea, Republic of"
"77","CHN_KOR",2025,0,2,"CHN","KOR","China","Korea, Republic of"
"78","CHN_MEX",2024,1,1,"CHN","MEX","China","Mexico"
"79","CHN_MEX",2025,1,2,"CHN","MEX","China","Mexico"
"80","CHN_MYS",2017,1,1,"CHN","MYS","China","Malaysia"
"81","CHN_MYS",2018,0,1,"CHN","MYS","China","Malaysia"
"82","CHN_MYS",2019,0,1,"CHN","MYS","China","Malaysia"
"83","CHN_MYS",2020,0,1,"CHN","MYS","China","Malaysia"
"84","CHN_MYS",2021,0,1,"CHN","MYS","China","Malaysia"
"85","CHN_MYS",2022,0,1,"CHN","MYS","China","Malaysia"
"86","CHN_MYS",2023,0,1,"CHN","MYS","China","Malaysia"
"87","CHN_MYS",2024,0,1,"CHN","MYS","China","Malaysia"
"88","CHN_MYS",2025,0,1,"CHN","MYS","China","Malaysia"
"89","CHN_PER",2017,1,1,"CHN","PER","China","Peru"
"90","CHN_PER",2018,0,1,"CHN","PER","China","Peru"
"91","CHN_PER",2019,0,1,"CHN","PER","China","Peru"
"92","CHN_PER",2020,0,1,"CHN","PER","China","Peru"
"93","CHN_PER",2021,0,1,"CHN","PER","China","Peru"
"94","CHN_PER",2022,0,1,"CHN","PER","China","Peru"
"95","CHN_PER",2023,0,1,"CHN","PER","China","Peru"
"96","CHN_PER",2024,0,1,"CHN","PER","China","Peru"
"97","CHN_PER",2025,0,1,"CHN","PER","China","Peru"
"98","CHN_PHL",2021,1,1,"CHN","PHL","China","Phillipines"
"99","CHN_PHL",2022,0,1,"CHN","PHL","China","Phillipines"
"100","CHN_PHL",2023,0,1,"CHN","PHL","China","Phillipines"
"101","CHN_PHL",2024,1,2,"CHN","PHL","China","Phillipines"
"102","CHN_PHL",2025,0,2,"CHN","PHL","China","Phillipines"
"103","CHN_SAU",2022,1,1,"CHN","SAU","China","Saudi Arabia"
"104","CHN_SAU",2023,1,2,"CHN","SAU","China","Saudi Arabia"
"105","CHN_SAU",2024,0,2,"CHN","SAU","China","Saudi Arabia"
"106","CHN_SAU",2025,1,3,"CHN","SAU","China","Saudi Arabia"
"107","CHN_SGP",2017,0,1,"CHN","SGP","China","Singapore"
"108","CHN_SGP",2018,0,1,"CHN","SGP","China","Singapore"
"109","CHN_SGP",2019,1,2,"CHN","SGP","China","Singapore"
"110","CHN_SGP",2020,0,2,"CHN","SGP","China","Singapore"
"111","CHN_SGP",2021,1,3,"CHN","SGP","China","Singapore"
"112","CHN_SGP",2022,0,3,"CHN","SGP","China","Singapore"
"113","CHN_SGP",2023,0,3,"CHN","SGP","China","Singapore"
"114","CHN_SGP",2024,0,3,"CHN","SGP","China","Singapore"
"115","CHN_SGP",2025,0,3,"CHN","SGP","China","Singapore"
"116","CHN_THA",2019,1,1,"CHN","THA","China","Thailand"
"117","CHN_THA",2020,0,1,"CHN","THA","China","Thailand"
"118","CHN_THA",2021,1,2,"CHN","THA","China","Thailand"
"119","CHN_THA",2022,1,3,"CHN","THA","China","Thailand"
"120","CHN_THA",2023,0,3,"CHN","THA","China","Thailand"
"121","CHN_THA",2024,0,3,"CHN","THA","China","Thailand"
"122","CHN_THA",2025,0,3,"CHN","THA","China","Thailand"
"123","CHN_TUR",2023,1,1,"CHN","TUR","China","Turkey"
"124","CHN_TUR",2024,0,1,"CHN","TUR","China","Turkey"
"125","CHN_TUR",2025,0,1,"CHN","TUR","China","Turkey"
"126","CHN_USA",2017,0,2,"CHN","USA","China","United States of America"
"127","CHN_USA",2018,2,4,"CHN","USA","China","United States of America"
"128","CHN_USA",2019,0,4,"CHN","USA","China","United States of America"
"129","CHN_USA",2020,0,4,"CHN","USA","China","United States of America"
"130","CHN_USA",2021,0,4,"CHN","USA","China","United States of America"
"131","CHN_USA",2022,0,4,"CHN","USA","China","United States of America"
"132","CHN_USA",2023,0,4,"CHN","USA","China","United States of America"
"133","CHN_USA",2024,0,4,"CHN","USA","China","United States of America"
"134","CHN_USA",2025,0,4,"CHN","USA","China","United States of America"
"135","CHN_ZAF",2019,1,1,"CHN","ZAF","China","South Africa"
"136","CHN_ZAF",2020,0,1,"CHN","ZAF","China","South Africa"
"137","CHN_ZAF",2021,0,1,"CHN","ZAF","China","South Africa"
"138","CHN_ZAF",2022,0,1,"CHN","ZAF","China","South Africa"
"139","CHN_ZAF",2023,0,1,"CHN","ZAF","China","South Africa"
"140","CHN_ZAF",2024,0,1,"CHN","ZAF","China","South Africa"
"141","CHN_ZAF",2025,0,1,"CHN","ZAF","China","South Africa"
"142","USA_ARE",2019,1,1,"USA","ARE","United States of America","United Arab Emirates"
"143","USA_ARE",2020,0,1,"USA","ARE","United States of America","United Arab Emirates"
"144","USA_ARE",2021,1,2,"USA","ARE","United States of America","United Arab Emirates"
"145","USA_ARE",2022,1,3,"USA","ARE","United States of America","United Arab Emirates"
"146","USA_ARE",2023,0,3,"USA","ARE","United States of America","United Arab Emirates"
"147","USA_ARE",2024,0,3,"USA","ARE","United States of America","United Arab Emirates"
"148","USA_ARE",2025,0,3,"USA","ARE","United States of America","United Arab Emirates"
"149","USA_AUS",2017,1,5,"USA","AUS","United States of America","Australia"
"150","USA_AUS",2017,1,5,"USA","AUS","United States of America","Australia "
"151","USA_AUS",2018,1,6,"USA","AUS","United States of America","Australia"
"152","USA_AUS",2018,1,6,"USA","AUS","United States of America","Australia "
"153","USA_AUS",2019,1,7,"USA","AUS","United States of America","Australia"
"154","USA_AUS",2019,1,7,"USA","AUS","United States of America","Australia "
"155","USA_AUS",2020,1,8,"USA","AUS","United States of America","Australia"
"156","USA_AUS",2020,1,8,"USA","AUS","United States of America","Australia "
"157","USA_AUS",2021,1,9,"USA","AUS","United States of America","Australia"
"158","USA_AUS",2021,1,9,"USA","AUS","United States of America","Australia "
"159","USA_AUS",2022,1,10,"USA","AUS","United States of America","Australia"
"160","USA_AUS",2022,1,10,"USA","AUS","United States of America","Australia "
"161","USA_AUS",2023,0,10,"USA","AUS","United States of America","Australia"
"162","USA_AUS",2023,0,10,"USA","AUS","United States of America","Australia "
"163","USA_AUS",2024,0,10,"USA","AUS","United States of America","Australia"
"164","USA_AUS",2024,0,10,"USA","AUS","United States of America","Australia "
"165","USA_AUS",2025,0,10,"USA","AUS","United States of America","Australia"
"166","USA_AUS",2025,0,10,"USA","AUS","United States of America","Australia "
"167","USA_AUT",2023,1,1,"USA","AUT","United States of America","Australia"
"168","USA_AUT",2023,1,1,"USA","AUT","United States of America","Austria"
"169","USA_AUT",2024,0,1,"USA","AUT","United States of America","Australia"
"170","USA_AUT",2024,0,1,"USA","AUT","United States of America","Austria"
"171","USA_AUT",2025,1,2,"USA","AUT","United States of America","Australia"
"172","USA_AUT",2025,1,2,"USA","AUT","United States of America","Austria"
"173","USA_BEL",2017,0,1,"USA","BEL","United States of America","Belgium"
"174","USA_BEL",2018,0,1,"USA","BEL","United States of America","Belgium"
"175","USA_BEL",2019,0,1,"USA","BEL","United States of America","Belgium"
"176","USA_BEL",2020,0,1,"USA","BEL","United States of America","Belgium"
"177","USA_BEL",2021,0,1,"USA","BEL","United States of America","Belgium"
"178","USA_BEL",2022,0,1,"USA","BEL","United States of America","Belgium"
"179","USA_BEL",2023,0,1,"USA","BEL","United States of America","Belgium"
"180","USA_BEL",2024,0,1,"USA","BEL","United States of America","Belgium"
"181","USA_BEL",2025,1,2,"USA","BEL","United States of America","Belgium"
"182","USA_BHR",2019,1,1,"USA","BHR","United States of America","Bahrain"
"183","USA_BHR",2020,0,1,"USA","BHR","United States of America","Bahrain"
"184","USA_BHR",2021,0,1,"USA","BHR","United States of America","Bahrain"
"185","USA_BHR",2022,0,1,"USA","BHR","United States of America","Bahrain"
"186","USA_BHR",2023,0,1,"USA","BHR","United States of America","Bahrain"
"187","USA_BHR",2024,0,1,"USA","BHR","United States of America","Bahrain"
"188","USA_BHR",2025,0,1,"USA","BHR","United States of America","Bahrain"
"189","USA_BRA",2017,1,3,"USA","BRA","United States of America","Brazil"
"190","USA_BRA",2017,1,3,"USA","BRA","United States of America","Brazil "
"191","USA_BRA",2018,0,3,"USA","BRA","United States of America","Brazil"
"192","USA_BRA",2018,0,3,"USA","BRA","United States of America","Brazil "
"193","USA_BRA",2019,1,4,"USA","BRA","United States of America","Brazil"
"194","USA_BRA",2019,1,4,"USA","BRA","United States of America","Brazil "
"195","USA_BRA",2020,0,4,"USA","BRA","United States of America","Brazil"
"196","USA_BRA",2020,0,4,"USA","BRA","United States of America","Brazil "
"197","USA_BRA",2021,2,6,"USA","BRA","United States of America","Brazil"
"198","USA_BRA",2021,2,6,"USA","BRA","United States of America","Brazil "
"199","USA_BRA",2022,0,6,"USA","BRA","United States of America","Brazil"
"200","USA_BRA",2022,0,6,"USA","BRA","United States of America","Brazil "
"201","USA_BRA",2023,0,6,"USA","BRA","United States of America","Brazil"
"202","USA_BRA",2023,0,6,"USA","BRA","United States of America","Brazil "
"203","USA_BRA",2024,0,6,"USA","BRA","United States of America","Brazil"
"204","USA_BRA",2024,0,6,"USA","BRA","United States of America","Brazil "
"205","USA_BRA",2025,0,6,"USA","BRA","United States of America","Brazil"
"206","USA_BRA",2025,0,6,"USA","BRA","United States of America","Brazil "
"207","USA_CAN",2017,0,4,"USA","CAN","United States of America","Canada"
"208","USA_CAN",2017,0,4,"USA","CAN","United States of America","Canada "
"209","USA_CAN",2018,1,5,"USA","CAN","United States of America","Canada"
"210","USA_CAN",2018,1,5,"USA","CAN","United States of America","Canada "
"211","USA_CAN",2019,1,6,"USA","CAN","United States of America","Canada"
"212","USA_CAN",2019,1,6,"USA","CAN","United States of America","Canada "
"213","USA_CAN",2020,1,7,"USA","CAN","United States of America","Canada"
"214","USA_CAN",2020,1,7,"USA","CAN","United States of America","Canada "
"215","USA_CAN",2021,2,9,"USA","CAN","United States of America","Canada"
"216","USA_CAN",2021,2,9,"USA","CAN","United States of America","Canada "
"217","USA_CAN",2022,0,9,"USA","CAN","United States of America","Canada"
"218","USA_CAN",2022,0,9,"USA","CAN","United States of America","Canada "
"219","USA_CAN",2023,1,10,"USA","CAN","United States of America","Canada"
"220","USA_CAN",2023,1,10,"USA","CAN","United States of America","Canada "
"221","USA_CAN",2024,0,10,"USA","CAN","United States of America","Canada"
"222","USA_CAN",2024,0,10,"USA","CAN","United States of America","Canada "
"223","USA_CAN",2025,1,11,"USA","CAN","United States of America","Canada"
"224","USA_CAN",2025,1,11,"USA","CAN","United States of America","Canada "
"225","USA_CHE",2019,3,3,"USA","CHE","United States of America","Switzerland"
"226","USA_CHE",2020,0,3,"USA","CHE","United States of America","Switzerland"
"227","USA_CHE",2021,0,3,"USA","CHE","United States of America","Switzerland"
"228","USA_CHE",2022,1,4,"USA","CHE","United States of America","Switzerland"
"229","USA_CHE",2023,0,4,"USA","CHE","United States of America","Switzerland"
"230","USA_CHE",2024,0,4,"USA","CHE","United States of America","Switzerland"
"231","USA_CHE",2025,0,4,"USA","CHE","United States of America","Switzerland"
"232","USA_CHL",2020,1,1,"USA","CHL","United States of America","Chile"
"233","USA_CHL",2020,1,1,"USA","CHL","United States of America","Chile "
"234","USA_CHL",2021,1,2,"USA","CHL","United States of America","Chile"
"235","USA_CHL",2021,1,2,"USA","CHL","United States of America","Chile "
"236","USA_CHL",2022,0,2,"USA","CHL","United States of America","Chile"
"237","USA_CHL",2022,0,2,"USA","CHL","United States of America","Chile "
"238","USA_CHL",2023,1,3,"USA","CHL","United States of America","Chile"
"239","USA_CHL",2023,1,3,"USA","CHL","United States of America","Chile "
"240","USA_CHL",2024,0,3,"USA","CHL","United States of America","Chile"
"241","USA_CHL",2024,0,3,"USA","CHL","United States of America","Chile "
"242","USA_CHL",2025,1,4,"USA","CHL","United States of America","Chile"
"243","USA_CHL",2025,1,4,"USA","CHL","United States of America","Chile "
"244","USA_CHN",2017,0,2,"USA","CHN","United States of America","China"
"245","USA_CHN",2017,0,2,"USA","CHN","United States of America","China "
"246","USA_CHN",2018,2,4,"USA","CHN","United States of America","China"
"247","USA_CHN",2018,2,4,"USA","CHN","United States of America","China "
"248","USA_CHN",2019,0,4,"USA","CHN","United States of America","China"
"249","USA_CHN",2019,0,4,"USA","CHN","United States of America","China "
"250","USA_CHN",2020,0,4,"USA","CHN","United States of America","China"
"251","USA_CHN",2020,0,4,"USA","CHN","United States of America","China "
"252","USA_CHN",2021,0,4,"USA","CHN","United States of America","China"
"253","USA_CHN",2021,0,4,"USA","CHN","United States of America","China "
"254","USA_CHN",2022,1,5,"USA","CHN","United States of America","China"
"255","USA_CHN",2022,1,5,"USA","CHN","United States of America","China "
"256","USA_CHN",2023,0,5,"USA","CHN","United States of America","China"
"257","USA_CHN",2023,0,5,"USA","CHN","United States of America","China "
"258","USA_CHN",2024,0,5,"USA","CHN","United States of America","China"
"259","USA_CHN",2024,0,5,"USA","CHN","United States of America","China "
"260","USA_CHN",2025,0,5,"USA","CHN","United States of America","China"
"261","USA_CHN",2025,0,5,"USA","CHN","United States of America","China "
"262","USA_COL",2022,1,1,"USA","COL","United States of America","Colombia"
"263","USA_COL",2023,0,1,"USA","COL","United States of America","Colombia"
"264","USA_COL",2024,0,1,"USA","COL","United States of America","Colombia"
"265","USA_COL",2025,0,1,"USA","COL","United States of America","Colombia"
"266","USA_DEU",2017,2,4,"USA","DEU","United States of America","Germany"
"267","USA_DEU",2018,1,5,"USA","DEU","United States of America","Germany"
"268","USA_DEU",2019,1,6,"USA","DEU","United States of America","Germany"
"269","USA_DEU",2020,0,6,"USA","DEU","United States of America","Germany"
"270","USA_DEU",2021,0,6,"USA","DEU","United States of America","Germany"
"271","USA_DEU",2022,0,6,"USA","DEU","United States of America","Germany"
"272","USA_DEU",2023,1,7,"USA","DEU","United States of America","Germany"
"273","USA_DEU",2024,0,7,"USA","DEU","United States of America","Germany"
"274","USA_DEU",2025,0,7,"USA","DEU","United States of America","Germany"
"275","USA_ESP",2022,3,3,"USA","ESP","United States of America","Spain"
"276","USA_ESP",2023,1,4,"USA","ESP","United States of America","Spain"
"277","USA_ESP",2024,1,5,"USA","ESP","United States of America","Spain"
"278","USA_ESP",2025,0,5,"USA","ESP","United States of America","Spain"
"279","USA_FIN",2018,1,1,"USA","FIN","United States of America","Finland"
"280","USA_FIN",2019,0,1,"USA","FIN","United States of America","Finland"
"281","USA_FIN",2020,0,1,"USA","FIN","United States of America","Finland"
"282","USA_FIN",2021,0,1,"USA","FIN","United States of America","Finland"
"283","USA_FIN",2022,0,1,"USA","FIN","United States of America","Finland"
"284","USA_FIN",2023,0,1,"USA","FIN","United States of America","Finland"
"285","USA_FIN",2024,0,1,"USA","FIN","United States of America","Finland"
"286","USA_FIN",2025,0,1,"USA","FIN","United States of America","Finland"
"287","USA_FRA",2017,1,1,"USA","FRA","United States of America","France"
"288","USA_FRA",2017,1,1,"USA","FRA","United States of America","France "
"289","USA_FRA",2018,1,2,"USA","FRA","United States of America","France"
"290","USA_FRA",2018,1,2,"USA","FRA","United States of America","France "
"291","USA_FRA",2019,0,2,"USA","FRA","United States of America","France"
"292","USA_FRA",2019,0,2,"USA","FRA","United States of America","France "
"293","USA_FRA",2020,0,2,"USA","FRA","United States of America","France"
"294","USA_FRA",2020,0,2,"USA","FRA","United States of America","France "
"295","USA_FRA",2021,0,2,"USA","FRA","United States of America","France"
"296","USA_FRA",2021,0,2,"USA","FRA","United States of America","France "
"297","USA_FRA",2022,3,5,"USA","FRA","United States of America","France"
"298","USA_FRA",2022,3,5,"USA","FRA","United States of America","France "
"299","USA_FRA",2023,0,5,"USA","FRA","United States of America","France"
"300","USA_FRA",2023,0,5,"USA","FRA","United States of America","France "
"301","USA_FRA",2024,0,5,"USA","FRA","United States of America","France"
"302","USA_FRA",2024,0,5,"USA","FRA","United States of America","France "
"303","USA_FRA",2025,0,5,"USA","FRA","United States of America","France"
"304","USA_FRA",2025,0,5,"USA","FRA","United States of America","France "
"305","USA_GBR",2017,2,6,"USA","GBR","United States of America","United Kingdom"
"306","USA_GBR",2018,0,6,"USA","GBR","United States of America","United Kingdom"
"307","USA_GBR",2019,0,6,"USA","GBR","United States of America","United Kingdom"
"308","USA_GBR",2020,0,6,"USA","GBR","United States of America","United Kingdom"
"309","USA_GBR",2021,0,6,"USA","GBR","United States of America","United Kingdom"
"310","USA_GBR",2022,0,6,"USA","GBR","United States of America","United Kingdom"
"311","USA_GBR",2023,0,6,"USA","GBR","United States of America","United Kingdom"
"312","USA_GBR",2024,0,6,"USA","GBR","United States of America","United Kingdom"
"313","USA_GBR",2025,0,6,"USA","GBR","United States of America","United Kingdom"
"314","USA_HKG",2017,0,1,"USA","HKG","United States of America","Hong Kong"
"315","USA_HKG",2018,1,2,"USA","HKG","United States of America","Hong Kong"
"316","USA_HKG",2019,1,3,"USA","HKG","United States of America","Hong Kong"
"317","USA_HKG",2020,0,3,"USA","HKG","United States of America","Hong Kong"
"318","USA_HKG",2021,0,3,"USA","HKG","United States of America","Hong Kong"
"319","USA_HKG",2022,0,3,"USA","HKG","United States of America","Hong Kong"
"320","USA_HKG",2023,0,3,"USA","HKG","United States of America","Hong Kong"
"321","USA_HKG",2024,0,3,"USA","HKG","United States of America","Hong Kong"
"322","USA_HKG",2025,0,3,"USA","HKG","United States of America","Hong Kong"
"323","USA_IDN",2020,1,1,"USA","IDN","United States of America","Indonesia"
"324","USA_IDN",2021,1,2,"USA","IDN","United States of America","Indonesia"
"325","USA_IDN",2022,0,2,"USA","IDN","United States of America","Indonesia"
"326","USA_IDN",2023,0,2,"USA","IDN","United States of America","Indonesia"
"327","USA_IDN",2024,0,2,"USA","IDN","United States of America","Indonesia"
"328","USA_IDN",2025,2,4,"USA","IDN","United States of America","Indonesia"
"329","USA_IND",2017,1,6,"USA","IND","United States of America","India"
"330","USA_IND",2017,1,6,"USA","IND","United States of America","India "
"331","USA_IND",2018,0,6,"USA","IND","United States of America","India"
"332","USA_IND",2018,0,6,"USA","IND","United States of America","India "
"333","USA_IND",2019,1,7,"USA","IND","United States of America","India"
"334","USA_IND",2019,1,7,"USA","IND","United States of America","India "
"335","USA_IND",2020,1,8,"USA","IND","United States of America","India"
"336","USA_IND",2020,1,8,"USA","IND","United States of America","India "
"337","USA_IND",2021,1,9,"USA","IND","United States of America","India"
"338","USA_IND",2021,1,9,"USA","IND","United States of America","India "
"339","USA_IND",2022,1,10,"USA","IND","United States of America","India"
"340","USA_IND",2022,1,10,"USA","IND","United States of America","India "
"341","USA_IND",2023,0,10,"USA","IND","United States of America","India"
"342","USA_IND",2023,0,10,"USA","IND","United States of America","India "
"343","USA_IND",2024,0,10,"USA","IND","United States of America","India"
"344","USA_IND",2024,0,10,"USA","IND","United States of America","India "
"345","USA_IND",2025,0,10,"USA","IND","United States of America","India"
"346","USA_IND",2025,0,10,"USA","IND","United States of America","India "
"347","USA_IRL",2017,0,2,"USA","IRL","United States of America","Ireland"
"348","USA_IRL",2018,0,2,"USA","IRL","United States of America","Ireland"
"349","USA_IRL",2019,0,2,"USA","IRL","United States of America","Ireland"
"350","USA_IRL",2020,0,2,"USA","IRL","United States of America","Ireland"
"351","USA_IRL",2021,0,2,"USA","IRL","United States of America","Ireland"
"352","USA_IRL",2022,0,2,"USA","IRL","United States of America","Ireland"
"353","USA_IRL",2023,0,2,"USA","IRL","United States of America","Ireland"
"354","USA_IRL",2024,0,2,"USA","IRL","United States of America","Ireland"
"355","USA_IRL",2025,0,2,"USA","IRL","United States of America","Ireland"
"356","USA_ISR",2022,2,2,"USA","ISR","United States of America","Israel"
"357","USA_ISR",2023,2,4,"USA","ISR","United States of America","Israel"
"358","USA_ISR",2024,0,4,"USA","ISR","United States of America","Israel"
"359","USA_ISR",2025,0,4,"USA","ISR","United States of America","Israel"
"360","USA_ITA",2020,1,1,"USA","ITA","United States of America","Italy"
"361","USA_ITA",2020,1,1,"USA","ITA","United States of America","Italy "
"362","USA_ITA",2021,0,1,"USA","ITA","United States of America","Italy"
"363","USA_ITA",2021,0,1,"USA","ITA","United States of America","Italy "
"364","USA_ITA",2022,2,3,"USA","ITA","United States of America","Italy"
"365","USA_ITA",2022,2,3,"USA","ITA","United States of America","Italy "
"366","USA_ITA",2023,2,5,"USA","ITA","United States of America","Italy"
"367","USA_ITA",2023,2,5,"USA","ITA","United States of America","Italy "
"368","USA_ITA",2024,0,5,"USA","ITA","United States of America","Italy"
"369","USA_ITA",2024,0,5,"USA","ITA","United States of America","Italy "
"370","USA_ITA",2025,1,6,"USA","ITA","United States of America","Italy"
"371","USA_ITA",2025,1,6,"USA","ITA","United States of America","Italy "
"372","USA_JPN",2017,1,5,"USA","JPN","United States of America","Japan"
"373","USA_JPN",2017,1,5,"USA","JPN","United States of America","Japan "
"374","USA_JPN",2018,0,5,"USA","JPN","United States of America","Japan"
"375","USA_JPN",2018,0,5,"USA","JPN","United States of America","Japan "
"376","USA_JPN",2019,2,7,"USA","JPN","United States of America","Japan"
"377","USA_JPN",2019,2,7,"USA","JPN","United States of America","Japan "
"378","USA_JPN",2020,1,8,"USA","JPN","United States of America","Japan"
"379","USA_JPN",2020,1,8,"USA","JPN","United States of America","Japan "
"380","USA_JPN",2021,1,9,"USA","JPN","United States of America","Japan"
"381","USA_JPN",2021,1,9,"USA","JPN","United States of America","Japan "
"382","USA_JPN",2022,0,9,"USA","JPN","United States of America","Japan"
"383","USA_JPN",2022,0,9,"USA","JPN","United States of America","Japan "
"384","USA_JPN",2023,1,10,"USA","JPN","United States of America","Japan"
"385","USA_JPN",2023,1,10,"USA","JPN","United States of America","Japan "
"386","USA_JPN",2024,0,10,"USA","JPN","United States of America","Japan"
"387","USA_JPN",2024,0,10,"USA","JPN","United States of America","Japan "
"388","USA_JPN",2025,0,10,"USA","JPN","United States of America","Japan"
"389","USA_JPN",2025,0,10,"USA","JPN","United States of America","Japan "
"390","USA_KOR",2017,1,2,"USA","KOR","United States of America","Korea, Republic of"
"391","USA_KOR",2018,0,2,"USA","KOR","United States of America","Korea, Republic of"
"392","USA_KOR",2019,1,3,"USA","KOR","United States of America","Korea, Republic of"
"393","USA_KOR",2020,2,5,"USA","KOR","United States of America","Korea, Republic of"
"394","USA_KOR",2021,0,5,"USA","KOR","United States of America","Korea, Republic of"
"395","USA_KOR",2022,0,5,"USA","KOR","United States of America","Korea, Republic of"
"396","USA_KOR",2023,0,5,"USA","KOR","United States of America","Korea, Republic of"
"397","USA_KOR",2024,0,5,"USA","KOR","United States of America","Korea, Republic of"
"398","USA_KOR",2025,0,5,"USA","KOR","United States of America","Korea, Republic of"
"399","USA_MEX",2022,1,1,"USA","MEX","United States of America","Mexico"
"400","USA_MEX",2022,1,1,"USA","MEX","United States of America","Mexico "
"401","USA_MEX",2023,1,2,"USA","MEX","United States of America","Mexico"
"402","USA_MEX",2023,1,2,"USA","MEX","United States of America","Mexico "
"403","USA_MEX",2024,1,3,"USA","MEX","United States of America","Mexico"
"404","USA_MEX",2024,1,3,"USA","MEX","United States of America","Mexico "
"405","USA_MEX",2025,2,5,"USA","MEX","United States of America","Mexico"
"406","USA_MEX",2025,2,5,"USA","MEX","United States of America","Mexico "
"407","USA_MYS",2024,1,1,"USA","MYS","United States of America","Malaysia"
"408","USA_MYS",2025,1,2,"USA","MYS","United States of America","Malaysia"
"409","USA_NLD",2017,0,2,"USA","NLD","United States of America","Netherlands"
"410","USA_NLD",2018,1,3,"USA","NLD","United States of America","Netherlands"
"411","USA_NLD",2019,0,3,"USA","NLD","United States of America","Netherlands"
"412","USA_NLD",2020,0,3,"USA","NLD","United States of America","Netherlands"
"413","USA_NLD",2021,0,3,"USA","NLD","United States of America","Netherlands"
"414","USA_NLD",2022,0,3,"USA","NLD","United States of America","Netherlands"
"415","USA_NLD",2023,0,3,"USA","NLD","United States of America","Netherlands"
"416","USA_NLD",2024,0,3,"USA","NLD","United States of America","Netherlands"
"417","USA_NLD",2025,0,3,"USA","NLD","United States of America","Netherlands"
"418","USA_NOR",2019,1,1,"USA","NOR","United States of America","Norway"
"419","USA_NOR",2020,0,1,"USA","NOR","United States of America","Norway"
"420","USA_NOR",2021,0,1,"USA","NOR","United States of America","Norway"
"421","USA_NOR",2022,0,1,"USA","NOR","United States of America","Norway"
"422","USA_NOR",2023,0,1,"USA","NOR","United States of America","Norway"
"423","USA_NOR",2024,0,1,"USA","NOR","United States of America","Norway"
"424","USA_NOR",2025,0,1,"USA","NOR","United States of America","Norway"
"425","USA_NZL",2024,1,1,"USA","NZL","United States of America","New Zealand"
"426","USA_NZL",2024,1,1,"USA","NZL","United States of America","New Zealand "
"427","USA_NZL",2025,1,2,"USA","NZL","United States of America","New Zealand"
"428","USA_NZL",2025,1,2,"USA","NZL","United States of America","New Zealand "
"429","USA_POL",2021,1,1,"USA","POL","United States of America","Poland "
"430","USA_POL",2021,1,1,"USA","POL","United States of America","Poland"
"431","USA_POL",2022,0,1,"USA","POL","United States of America","Poland "
"432","USA_POL",2022,0,1,"USA","POL","United States of America","Poland"
"433","USA_POL",2023,1,2,"USA","POL","United States of America","Poland "
"434","USA_POL",2023,1,2,"USA","POL","United States of America","Poland"
"435","USA_POL",2024,0,2,"USA","POL","United States of America","Poland "
"436","USA_POL",2024,0,2,"USA","POL","United States of America","Poland"
"437","USA_POL",2025,0,2,"USA","POL","United States of America","Poland "
"438","USA_POL",2025,0,2,"USA","POL","United States of America","Poland"
"439","USA_QAT",2022,1,1,"USA","QAT","United States of America","Qatar"
"440","USA_QAT",2023,1,2,"USA","QAT","United States of America","Qatar"
"441","USA_QAT",2024,0,2,"USA","QAT","United States of America","Qatar"
"442","USA_QAT",2025,0,2,"USA","QAT","United States of America","Qatar"
"443","USA_SAU",2022,1,1,"USA","SAU","United States of America","Saudi Arabia"
"444","USA_SAU",2023,0,1,"USA","SAU","United States of America","Saudi Arabia"
"445","USA_SAU",2024,1,2,"USA","SAU","United States of America","Saudi Arabia"
"446","USA_SAU",2025,0,2,"USA","SAU","United States of America","Saudi Arabia"
"447","USA_SGP",2017,1,4,"USA","SGP","United States of America","Singapore"
"448","USA_SGP",2018,0,4,"USA","SGP","United States of America","Singapore"
"449","USA_SGP",2019,0,4,"USA","SGP","United States of America","Singapore"
"450","USA_SGP",2020,0,4,"USA","SGP","United States of America","Singapore"
"451","USA_SGP",2021,0,4,"USA","SGP","United States of America","Singapore"
"452","USA_SGP",2022,0,4,"USA","SGP","United States of America","Singapore"
"453","USA_SGP",2023,0,4,"USA","SGP","United States of America","Singapore"
"454","USA_SGP",2024,1,5,"USA","SGP","United States of America","Singapore"
"455","USA_SGP",2025,0,5,"USA","SGP","United States of America","Singapore"
"456","USA_SRB",2023,2,2,"USA","SRB","United States of America","Saudi Arabia"
"457","USA_SRB",2023,2,2,"USA","SRB","United States of America","Serbia"
"458","USA_SRB",2024,0,2,"USA","SRB","United States of America","Saudi Arabia"
"459","USA_SRB",2024,0,2,"USA","SRB","United States of America","Serbia"
"460","USA_SRB",2025,0,2,"USA","SRB","United States of America","Saudi Arabia"
"461","USA_SRB",2025,0,2,"USA","SRB","United States of America","Serbia"
"462","USA_SWE",2018,1,1,"USA","SWE","United States of America","Sweden"
"463","USA_SWE",2018,1,1,"USA","SWE","United States of America","Sweden "
"464","USA_SWE",2019,0,1,"USA","SWE","United States of America","Sweden"
"465","USA_SWE",2019,0,1,"USA","SWE","United States of America","Sweden "
"466","USA_SWE",2020,0,1,"USA","SWE","United States of America","Sweden"
"467","USA_SWE",2020,0,1,"USA","SWE","United States of America","Sweden "
"468","USA_SWE",2021,1,2,"USA","SWE","United States of America","Sweden"
"469","USA_SWE",2021,1,2,"USA","SWE","United States of America","Sweden "
"470","USA_SWE",2022,1,3,"USA","SWE","United States of America","Sweden"
"471","USA_SWE",2022,1,3,"USA","SWE","United States of America","Sweden "
"472","USA_SWE",2023,0,3,"USA","SWE","United States of America","Sweden"
"473","USA_SWE",2023,0,3,"USA","SWE","United States of America","Sweden "
"474","USA_SWE",2024,0,3,"USA","SWE","United States of America","Sweden"
"475","USA_SWE",2024,0,3,"USA","SWE","United States of America","Sweden "
"476","USA_SWE",2025,1,4,"USA","SWE","United States of America","Sweden"
"477","USA_SWE",2025,1,4,"USA","SWE","United States of America","Sweden "
"478","USA_THA",2025,2,2,"USA","THA","United States of America","Taiwan"
"479","USA_THA",2025,2,2,"USA","THA","United States of America","Thailand"
"480","USA_TWN",2017,0,1,"USA","TWN","United States of America","Taiwan"
"481","USA_TWN",2018,0,1,"USA","TWN","United States of America","Taiwan"
"482","USA_TWN",2019,0,1,"USA","TWN","United States of America","Taiwan"
"483","USA_TWN",2020,0,1,"USA","TWN","United States of America","Taiwan"
"484","USA_TWN",2021,0,1,"USA","TWN","United States of America","Taiwan"
"485","USA_TWN",2022,0,1,"USA","TWN","United States of America","Taiwan"
"486","USA_TWN",2023,0,1,"USA","TWN","United States of America","Taiwan"
"487","USA_TWN",2024,0,1,"USA","TWN","United States of America","Taiwan"
"488","USA_TWN",2025,0,1,"USA","TWN","United States of America","Taiwan"
"489","USA_ZAF",2019,1,1,"USA","ZAF","United States of America","South Africa"
"490","USA_ZAF",2019,1,1,"USA","ZAF","United States of America","South Africa "
"491","USA_ZAF",2020,1,2,"USA","ZAF","United States of America","South Africa"
"492","USA_ZAF",2020,1,2,"USA","ZAF","United States of America","South Africa "
"493","USA_ZAF",2021,0,2,"USA","ZAF","United States of America","South Africa"
"494","USA_ZAF",2021,0,2,"USA","ZAF","United States of America","South Africa "
"495","USA_ZAF",2022,1,3,"USA","ZAF","United States of America","South Africa"
"496","USA_ZAF",2022,1,3,"USA","ZAF","United States of America","South Africa "
"497","USA_ZAF",2023,0,3,"USA","ZAF","United States of America","South Africa"
"498","USA_ZAF",2023,0,3,"USA","ZAF","United States of America","South Africa "
"499","USA_ZAF",2024,1,4,"USA","ZAF","United States of America","South Africa"
"500","USA_ZAF",2024,1,4,"USA","ZAF","United States of America","South Africa "
"501","USA_ZAF",2025,0,4,"USA","ZAF","United States of America","South Africa"
"502","USA_ZAF",2025,0,4,"USA","ZAF","United States of America","South Africa "
