"surplus_country_iso3","surplus_country_name","deficit_country_iso3","deficit_country_name","trade_value","year","total_trade_year"
"CHN","China","HKG","Hong Kong",11234.506036,2017,224809.547288
"CHN","China","HKG","Hong Kong",11234.506036,2017,224809.547288
"CHN","China","HKG","Hong Kong",10876.353354,2018,239270.915695
"CHN","China","HKG","Hong Kong",10876.353354,2018,239270.915695
"CHN","China","HKG","Hong Kong",13788.028776,2019,250856.902919
"CHN","China","HKG","Hong Kong",13788.028776,2019,250856.902919
"CHN","China","HKG","Hong Kong",15123.510325,2020,283355.494495001
"CHN","China","HKG","Hong Kong",15123.510325,2020,283355.494495001
"CHN","China","HKG","Hong Kong",19181.496136,2021,348477.224363999
"CHN","China","HKG","Hong Kong",19181.496136,2021,348477.224363999
"CHN","China","HKG","Hong Kong",20953.986045,2022,383431.321529001
"CHN","China","HKG","Hong Kong",20953.986045,2022,383431.321529001
"CHN","China","HKG","Hong Kong",21524.49409,2023,363459.883593
"CHN","China","HKG","Hong Kong",21524.49409,2023,363459.883593
"CHN","China","IND","India",1202.181393,2018,239270.915695
"CHN","China","IND","India",1202.181393,2018,239270.915695
"CHN","China","IND","India",1671.054988,2019,250856.902919
"CHN","China","IND","India",1671.054988,2019,250856.902919
"CHN","China","IND","India",3569.20486,2022,383431.321529001
"CHN","China","IND","India",3569.20486,2022,383431.321529001
"CHN","China","IND","India",4612.555012,2023,363459.883593
"CHN","China","IND","India",4612.555012,2023,363459.883593
"IRL","Ireland","CHN","China",2871.693328,2017,224809.547288
"IRL","Ireland","CHN","China",2871.693328,2017,224809.547288
"IRL","Ireland","CHN","China",3563.870333,2018,239270.915695
"IRL","Ireland","CHN","China",3563.870333,2018,239270.915695
"IRL","Ireland","CHN","China",5667.010671,2019,250856.902919
"IRL","Ireland","CHN","China",5667.010671,2019,250856.902919
"IRL","Ireland","CHN","China",6647.555552,2020,283355.494495001
"IRL","Ireland","CHN","China",6647.555552,2020,283355.494495001
"IRL","Ireland","CHN","China",7810.214019,2021,348477.224363999
"IRL","Ireland","CHN","China",7810.214019,2021,348477.224363999
"IRL","Ireland","CHN","China",7624.437966,2022,383431.321529001
"IRL","Ireland","CHN","China",7624.437966,2022,383431.321529001
"IRL","Ireland","CHN","China",4467.308877,2023,363459.883593
"IRL","Ireland","CHN","China",4467.308877,2023,363459.883593
"ISR","Israel","CHN","China",1394.618725,2017,224809.547288
"ISR","Israel","CHN","China",1394.618725,2017,224809.547288
"ISR","Israel","CHN","China",1617.393108,2018,239270.915695
"ISR","Israel","CHN","China",1617.393108,2018,239270.915695
"ISR","Israel","CHN","China",2237.766097,2020,283355.494495001
"ISR","Israel","CHN","China",2237.766097,2020,283355.494495001
"ISR","Israel","CHN","China",2129.256033,2021,348477.224363999
"ISR","Israel","CHN","China",2129.256033,2021,348477.224363999
"ISR","Israel","CHN","China",2530.591557,2022,383431.321529001
"ISR","Israel","CHN","China",2530.591557,2022,383431.321529001
"JPN","Japan","CHN","China",1929.832756,2023,363459.883593
"JPN","Japan","CHN","China",1929.832756,2023,363459.883593
"KOR","Rep. of Korea","CHN","China",6858.386558,2017,224809.547288
"KOR","Rep. of Korea","CHN","China",6858.386558,2017,224809.547288
"KOR","Rep. of Korea","CHN","China",5751.46949,2018,239270.915695
"KOR","Rep. of Korea","CHN","China",5751.46949,2018,239270.915695
"KOR","Rep. of Korea","CHN","China",5736.765048,2019,250856.902919
"KOR","Rep. of Korea","CHN","China",5736.765048,2019,250856.902919
"KOR","Rep. of Korea","CHN","China",6110.398241,2020,283355.494495001
"KOR","Rep. of Korea","CHN","China",6110.398241,2020,283355.494495001
"KOR","Rep. of Korea","CHN","China",9836.104557,2021,348477.224363999
"KOR","Rep. of Korea","CHN","China",9836.104557,2021,348477.224363999
"KOR","Rep. of Korea","CHN","China",13328.349162,2022,383431.321529001
"KOR","Rep. of Korea","CHN","China",13328.349162,2022,383431.321529001
"KOR","Rep. of Korea","CHN","China",17030.813243,2023,363459.883593
"KOR","Rep. of Korea","CHN","China",17030.813243,2023,363459.883593
"MYS","Malaysia","CHN","China",7784.329643,2017,224809.547288
"MYS","Malaysia","CHN","China",7784.329643,2017,224809.547288
"MYS","Malaysia","CHN","China",8607.789213,2018,239270.915695
"MYS","Malaysia","CHN","China",8607.789213,2018,239270.915695
"MYS","Malaysia","CHN","China",4338.695963,2019,250856.902919
"MYS","Malaysia","CHN","China",4338.695963,2019,250856.902919
"MYS","Malaysia","CHN","China",4591.636704,2020,283355.494495001
"MYS","Malaysia","CHN","China",4591.636704,2020,283355.494495001
"MYS","Malaysia","CHN","China",3837.598445,2021,348477.224363999
"MYS","Malaysia","CHN","China",3837.598445,2021,348477.224363999
"MYS","Malaysia","CHN","China",7506.452974,2022,383431.321529001
"MYS","Malaysia","CHN","China",7506.452974,2022,383431.321529001
"MYS","Malaysia","CHN","China",7920.213895,2023,363459.883593
"MYS","Malaysia","CHN","China",7920.213895,2023,363459.883593
"PHL","Philippines","CHN","China",2260.78162,2017,224809.547288
"PHL","Philippines","CHN","China",2260.78162,2017,224809.547288
"PHL","Philippines","CHN","China",2456.840026,2018,239270.915695
"PHL","Philippines","CHN","China",2456.840026,2018,239270.915695
"PHL","Philippines","CHN","China",1908.249253,2019,250856.902919
"PHL","Philippines","CHN","China",1908.249253,2019,250856.902919
"PHL","Philippines","CHN","China",1916.709504,2020,283355.494495001
"PHL","Philippines","CHN","China",1916.709504,2020,283355.494495001
"PHL","Philippines","CHN","China",2451.886408,2021,348477.224363999
"PHL","Philippines","CHN","China",2451.886408,2021,348477.224363999
"PHL","Philippines","CHN","China",2654.356408,2022,383431.321529001
"PHL","Philippines","CHN","China",2654.356408,2022,383431.321529001
"PHL","Philippines","CHN","China",2295.640306,2023,363459.883593
"PHL","Philippines","CHN","China",2295.640306,2023,363459.883593
"SGP","Singapore","CHN","China",1311.134271,2019,250856.902919
"SGP","Singapore","CHN","China",1311.134271,2019,250856.902919
"USA","USA","CHN","China",3096.205499,2017,224809.547288
"USA","USA","CHN","China",3096.205499,2017,224809.547288
"USA","USA","CHN","China",3603.922224,2018,239270.915695
"USA","USA","CHN","China",3603.922224,2018,239270.915695
"USA","USA","CHN","China",6542.02465,2019,250856.902919
"USA","USA","CHN","China",6542.02465,2019,250856.902919
"USA","USA","CHN","China",7758.216638,2020,283355.494495001
"USA","USA","CHN","China",7758.216638,2020,283355.494495001
"USA","USA","CHN","China",8831.937723,2021,348477.224363999
"USA","USA","CHN","China",8831.937723,2021,348477.224363999
"USA","USA","CHN","China",5649.52566,2022,383431.321529001
"USA","USA","CHN","China",5649.52566,2022,383431.321529001
"USA","USA","CHN","China",1914.360202,2023,363459.883593
"USA","USA","CHN","China",1914.360202,2023,363459.883593
"VNM","Viet Nam","CHN","China",2442.632709,2017,224809.547288
"VNM","Viet Nam","CHN","China",2442.632709,2017,224809.547288
"VNM","Viet Nam","CHN","China",1841.81323,2018,239270.915695
"VNM","Viet Nam","CHN","China",1841.81323,2018,239270.915695
"VNM","Viet Nam","CHN","China",2466.408931,2019,250856.902919
"VNM","Viet Nam","CHN","China",2466.408931,2019,250856.902919
"VNM","Viet Nam","CHN","China",4208.200456,2020,283355.494495001
"VNM","Viet Nam","CHN","China",4208.200456,2020,283355.494495001
"VNM","Viet Nam","CHN","China",4362.289934,2021,348477.224363999
"VNM","Viet Nam","CHN","China",4362.289934,2021,348477.224363999
"VNM","Viet Nam","CHN","China",4669.708644,2022,383431.321529001
"VNM","Viet Nam","CHN","China",4669.708644,2022,383431.321529001
"VNM","Viet Nam","CHN","China",8865.603163,2023,363459.883593
"VNM","Viet Nam","CHN","China",8865.603163,2023,363459.883593
"HKG","Hong Kong","IND","India",1460.548836,2018,239270.915695
"HKG","Hong Kong","IND","India",1460.548836,2018,239270.915695
"HKG","Hong Kong","IND","India",2250.07872,2019,250856.902919
"HKG","Hong Kong","IND","India",2250.07872,2019,250856.902919
"HKG","Hong Kong","IND","India",1568.292826,2020,283355.494495001
"HKG","Hong Kong","IND","India",1568.292826,2020,283355.494495001
"HKG","Hong Kong","IND","India",1903.284653,2021,348477.224363999
"HKG","Hong Kong","IND","India",1903.284653,2021,348477.224363999
"KOR","Rep. of Korea","HKG","Hong Kong",2065.328382,2017,224809.547288
"KOR","Rep. of Korea","HKG","Hong Kong",2065.328382,2017,224809.547288
"KOR","Rep. of Korea","HKG","Hong Kong",2374.993447,2018,239270.915695
"KOR","Rep. of Korea","HKG","Hong Kong",2374.993447,2018,239270.915695
"KOR","Rep. of Korea","HKG","Hong Kong",2110.201972,2019,250856.902919
"KOR","Rep. of Korea","HKG","Hong Kong",2110.201972,2019,250856.902919
"KOR","Rep. of Korea","HKG","Hong Kong",2394.313359,2020,283355.494495001
"KOR","Rep. of Korea","HKG","Hong Kong",2394.313359,2020,283355.494495001
"KOR","Rep. of Korea","HKG","Hong Kong",3008.331902,2021,348477.224363999
"KOR","Rep. of Korea","HKG","Hong Kong",3008.331902,2021,348477.224363999
"KOR","Rep. of Korea","HKG","Hong Kong",2738.8996,2022,383431.321529001
"KOR","Rep. of Korea","HKG","Hong Kong",2738.8996,2022,383431.321529001
"KOR","Rep. of Korea","HKG","Hong Kong",2154.992158,2023,363459.883593
"KOR","Rep. of Korea","HKG","Hong Kong",2154.992158,2023,363459.883593
"MYS","Malaysia","HKG","Hong Kong",4620.884434,2017,224809.547288
"MYS","Malaysia","HKG","Hong Kong",4620.884434,2017,224809.547288
"MYS","Malaysia","HKG","Hong Kong",9517.136038,2018,239270.915695
"MYS","Malaysia","HKG","Hong Kong",9517.136038,2018,239270.915695
"MYS","Malaysia","HKG","Hong Kong",8370.706679,2019,250856.902919
"MYS","Malaysia","HKG","Hong Kong",8370.706679,2019,250856.902919
"MYS","Malaysia","HKG","Hong Kong",7909.27748,2020,283355.494495001
"MYS","Malaysia","HKG","Hong Kong",7909.27748,2020,283355.494495001
"MYS","Malaysia","HKG","Hong Kong",6077.155748,2021,348477.224363999
"MYS","Malaysia","HKG","Hong Kong",6077.155748,2021,348477.224363999
"MYS","Malaysia","HKG","Hong Kong",7274.487885,2022,383431.321529001
"MYS","Malaysia","HKG","Hong Kong",7274.487885,2022,383431.321529001
"MYS","Malaysia","HKG","Hong Kong",5948.60386,2023,363459.883593
"MYS","Malaysia","HKG","Hong Kong",5948.60386,2023,363459.883593
"PHL","Philippines","HKG","Hong Kong",1572.227345,2017,224809.547288
"PHL","Philippines","HKG","Hong Kong",1572.227345,2017,224809.547288
"PHL","Philippines","HKG","Hong Kong",1414.750702,2018,239270.915695
"PHL","Philippines","HKG","Hong Kong",1414.750702,2018,239270.915695
"PHL","Philippines","HKG","Hong Kong",2073.860162,2019,250856.902919
"PHL","Philippines","HKG","Hong Kong",2073.860162,2019,250856.902919
"PHL","Philippines","HKG","Hong Kong",2551.631444,2020,283355.494495001
"PHL","Philippines","HKG","Hong Kong",2551.631444,2020,283355.494495001
"PHL","Philippines","HKG","Hong Kong",3033.712216,2021,348477.224363999
"PHL","Philippines","HKG","Hong Kong",3033.712216,2021,348477.224363999
"PHL","Philippines","HKG","Hong Kong",2897.537849,2022,383431.321529001
"PHL","Philippines","HKG","Hong Kong",2897.537849,2022,383431.321529001
"PHL","Philippines","HKG","Hong Kong",1928.554923,2023,363459.883593
"PHL","Philippines","HKG","Hong Kong",1928.554923,2023,363459.883593
"SGP","Singapore","HKG","Hong Kong",7978.221396,2017,224809.547288
"SGP","Singapore","HKG","Hong Kong",7978.221396,2017,224809.547288
"SGP","Singapore","HKG","Hong Kong",8003.114614,2018,239270.915695
"SGP","Singapore","HKG","Hong Kong",8003.114614,2018,239270.915695
"SGP","Singapore","HKG","Hong Kong",6786.172939,2019,250856.902919
"SGP","Singapore","HKG","Hong Kong",6786.172939,2019,250856.902919
"SGP","Singapore","HKG","Hong Kong",9385.846528,2020,283355.494495001
"SGP","Singapore","HKG","Hong Kong",9385.846528,2020,283355.494495001
"SGP","Singapore","HKG","Hong Kong",13659.9313,2021,348477.224363999
"SGP","Singapore","HKG","Hong Kong",13659.9313,2021,348477.224363999
"SGP","Singapore","HKG","Hong Kong",16001.957234,2022,383431.321529001
"SGP","Singapore","HKG","Hong Kong",16001.957234,2022,383431.321529001
"SGP","Singapore","HKG","Hong Kong",12692.719044,2023,363459.883593
"SGP","Singapore","HKG","Hong Kong",12692.719044,2023,363459.883593
"VNM","Viet Nam","HKG","Hong Kong",2980.057928,2017,224809.547288
"VNM","Viet Nam","HKG","Hong Kong",2980.057928,2017,224809.547288
"VNM","Viet Nam","HKG","Hong Kong",2290.366016,2018,239270.915695
"VNM","Viet Nam","HKG","Hong Kong",2290.366016,2018,239270.915695
"VNM","Viet Nam","HKG","Hong Kong",2851.185184,2019,250856.902919
"VNM","Viet Nam","HKG","Hong Kong",2851.185184,2019,250856.902919
"VNM","Viet Nam","HKG","Hong Kong",3889.399462,2020,283355.494495001
"VNM","Viet Nam","HKG","Hong Kong",3889.399462,2020,283355.494495001
"VNM","Viet Nam","HKG","Hong Kong",4165.001331,2021,348477.224363999
"VNM","Viet Nam","HKG","Hong Kong",4165.001331,2021,348477.224363999
"VNM","Viet Nam","HKG","Hong Kong",3116.148988,2022,383431.321529001
"VNM","Viet Nam","HKG","Hong Kong",3116.148988,2022,383431.321529001
"VNM","Viet Nam","HKG","Hong Kong",3406.969727,2023,363459.883593
"VNM","Viet Nam","HKG","Hong Kong",3406.969727,2023,363459.883593
"ISR","Israel","IRL","Ireland",2098.384974,2021,348477.224363999
"ISR","Israel","IRL","Ireland",2098.384974,2021,348477.224363999
"ISR","Israel","IRL","Ireland",3702.861598,2022,383431.321529001
"ISR","Israel","IRL","Ireland",3702.861598,2022,383431.321529001
"ISR","Israel","IRL","Ireland",3250.425301,2023,363459.883593
"ISR","Israel","IRL","Ireland",3250.425301,2023,363459.883593
"IRL","Ireland","MYS","Malaysia",2122.13322,2023,363459.883593
"IRL","Ireland","MYS","Malaysia",2122.13322,2023,363459.883593
"IRL","Ireland","USA","USA",2192.081716,2017,224809.547288
"IRL","Ireland","USA","USA",2192.081716,2017,224809.547288
"IRL","Ireland","VNM","Viet Nam",1586.253727,2019,250856.902919
"IRL","Ireland","VNM","Viet Nam",1586.253727,2019,250856.902919
"IRL","Ireland","VNM","Viet Nam",2705.354369,2020,283355.494495001
"IRL","Ireland","VNM","Viet Nam",2705.354369,2020,283355.494495001
"IRL","Ireland","VNM","Viet Nam",2956.55606,2021,348477.224363999
"IRL","Ireland","VNM","Viet Nam",2956.55606,2021,348477.224363999
"IRL","Ireland","VNM","Viet Nam",2155.492153,2022,383431.321529001
"IRL","Ireland","VNM","Viet Nam",2155.492153,2022,383431.321529001
"JPN","Japan","KOR","Rep. of Korea",1541.267757,2017,224809.547288
"JPN","Japan","KOR","Rep. of Korea",1541.267757,2017,224809.547288
"JPN","Japan","KOR","Rep. of Korea",1315.311152,2018,239270.915695
"JPN","Japan","KOR","Rep. of Korea",1315.311152,2018,239270.915695
"JPN","Japan","KOR","Rep. of Korea",1333.888929,2019,250856.902919
"JPN","Japan","KOR","Rep. of Korea",1333.888929,2019,250856.902919
"JPN","Japan","KOR","Rep. of Korea",1587.748694,2020,283355.494495001
"JPN","Japan","KOR","Rep. of Korea",1587.748694,2020,283355.494495001
"JPN","Japan","KOR","Rep. of Korea",1886.295237,2021,348477.224363999
"JPN","Japan","KOR","Rep. of Korea",1886.295237,2021,348477.224363999
"JPN","Japan","KOR","Rep. of Korea",3475.876422,2022,383431.321529001
"JPN","Japan","KOR","Rep. of Korea",3475.876422,2022,383431.321529001
"KOR","Rep. of Korea","SGP","Singapore",1187.533303,2017,224809.547288
"KOR","Rep. of Korea","SGP","Singapore",1187.533303,2017,224809.547288
"KOR","Rep. of Korea","SGP","Singapore",2994.829637,2021,348477.224363999
"KOR","Rep. of Korea","SGP","Singapore",2994.829637,2021,348477.224363999
"KOR","Rep. of Korea","SGP","Singapore",5075.196174,2022,383431.321529001
"KOR","Rep. of Korea","SGP","Singapore",5075.196174,2022,383431.321529001
"KOR","Rep. of Korea","SGP","Singapore",7291.785285,2023,363459.883593
"KOR","Rep. of Korea","SGP","Singapore",7291.785285,2023,363459.883593
"USA","USA","KOR","Rep. of Korea",2768.048826,2017,224809.547288
"USA","USA","KOR","Rep. of Korea",2768.048826,2017,224809.547288
"USA","USA","KOR","Rep. of Korea",2108.494024,2018,239270.915695
"USA","USA","KOR","Rep. of Korea",2108.494024,2018,239270.915695
"USA","USA","KOR","Rep. of Korea",1815.968753,2019,250856.902919
"USA","USA","KOR","Rep. of Korea",1815.968753,2019,250856.902919
"USA","USA","KOR","Rep. of Korea",1672.833832,2020,283355.494495001
"USA","USA","KOR","Rep. of Korea",1672.833832,2020,283355.494495001
"KOR","Rep. of Korea","VNM","Viet Nam",4646.946903,2017,224809.547288
"KOR","Rep. of Korea","VNM","Viet Nam",4646.946903,2017,224809.547288
"KOR","Rep. of Korea","VNM","Viet Nam",4468.286068,2018,239270.915695
"KOR","Rep. of Korea","VNM","Viet Nam",4468.286068,2018,239270.915695
"KOR","Rep. of Korea","VNM","Viet Nam",4010.417399,2019,250856.902919
"KOR","Rep. of Korea","VNM","Viet Nam",4010.417399,2019,250856.902919
"KOR","Rep. of Korea","VNM","Viet Nam",4817.057728,2020,283355.494495001
"KOR","Rep. of Korea","VNM","Viet Nam",4817.057728,2020,283355.494495001
"KOR","Rep. of Korea","VNM","Viet Nam",4390.750149,2021,348477.224363999
"KOR","Rep. of Korea","VNM","Viet Nam",4390.750149,2021,348477.224363999
"KOR","Rep. of Korea","VNM","Viet Nam",5683.189939,2022,383431.321529001
"KOR","Rep. of Korea","VNM","Viet Nam",5683.189939,2022,383431.321529001
"MYS","Malaysia","MEX","Mexico",2028.402841,2021,348477.224363999
"MYS","Malaysia","MEX","Mexico",2028.402841,2021,348477.224363999
"MYS","Malaysia","MEX","Mexico",2348.864874,2022,383431.321529001
"MYS","Malaysia","MEX","Mexico",2348.864874,2022,383431.321529001
"MYS","Malaysia","MEX","Mexico",1960.312927,2023,363459.883593
"MYS","Malaysia","MEX","Mexico",1960.312927,2023,363459.883593
"USA","USA","MEX","Mexico",3584.433109,2017,224809.547288
"USA","USA","MEX","Mexico",3584.433109,2017,224809.547288
"USA","USA","MEX","Mexico",3873.887479,2018,239270.915695
"USA","USA","MEX","Mexico",3873.887479,2018,239270.915695
"USA","USA","MEX","Mexico",6566.508585,2019,250856.902919
"USA","USA","MEX","Mexico",6566.508585,2019,250856.902919
"USA","USA","MEX","Mexico",8189.650843,2020,283355.494495001
"USA","USA","MEX","Mexico",8189.650843,2020,283355.494495001
"USA","USA","MEX","Mexico",6942.00111,2021,348477.224363999
"USA","USA","MEX","Mexico",6942.00111,2021,348477.224363999
"USA","USA","MEX","Mexico",7779.935522,2022,383431.321529001
"USA","USA","MEX","Mexico",7779.935522,2022,383431.321529001
"USA","USA","MEX","Mexico",7702.787377,2023,363459.883593
"USA","USA","MEX","Mexico",7702.787377,2023,363459.883593
"VNM","Viet Nam","MEX","Mexico",2574.686048,2023,363459.883593
"VNM","Viet Nam","MEX","Mexico",2574.686048,2023,363459.883593
"MYS","Malaysia","NLD","Netherlands",2530.464352,2017,224809.547288
"MYS","Malaysia","NLD","Netherlands",2530.464352,2017,224809.547288
"MYS","Malaysia","NLD","Netherlands",2552.078957,2018,239270.915695
"MYS","Malaysia","NLD","Netherlands",2552.078957,2018,239270.915695
"MYS","Malaysia","NLD","Netherlands",2571.28671,2019,250856.902919
"MYS","Malaysia","NLD","Netherlands",2571.28671,2019,250856.902919
"MYS","Malaysia","NLD","Netherlands",2282.286721,2020,283355.494495001
"MYS","Malaysia","NLD","Netherlands",2282.286721,2020,283355.494495001
"MYS","Malaysia","SGP","Singapore",1855.443017,2020,283355.494495001
"MYS","Malaysia","SGP","Singapore",1855.443017,2020,283355.494495001
"MYS","Malaysia","SGP","Singapore",3621.841885,2021,348477.224363999
"MYS","Malaysia","SGP","Singapore",3621.841885,2021,348477.224363999
"MYS","Malaysia","SGP","Singapore",2856.198266,2022,383431.321529001
"MYS","Malaysia","SGP","Singapore",2856.198266,2022,383431.321529001
"MYS","Malaysia","SGP","Singapore",2114.910652,2023,363459.883593
"MYS","Malaysia","SGP","Singapore",2114.910652,2023,363459.883593
"MYS","Malaysia","USA","USA",5998.264065,2017,224809.547288
"MYS","Malaysia","USA","USA",5998.264065,2017,224809.547288
"MYS","Malaysia","USA","USA",7203.147475,2018,239270.915695
"MYS","Malaysia","USA","USA",7203.147475,2018,239270.915695
"MYS","Malaysia","USA","USA",8351.395384,2019,250856.902919
"MYS","Malaysia","USA","USA",8351.395384,2019,250856.902919
"MYS","Malaysia","USA","USA",7965.32025,2020,283355.494495001
"MYS","Malaysia","USA","USA",7965.32025,2020,283355.494495001
"MYS","Malaysia","USA","USA",9643.264824,2021,348477.224363999
"MYS","Malaysia","USA","USA",9643.264824,2021,348477.224363999
"MYS","Malaysia","USA","USA",4971.237881,2022,383431.321529001
"MYS","Malaysia","USA","USA",4971.237881,2022,383431.321529001
"MYS","Malaysia","USA","USA",3178.396715,2023,363459.883593
"MYS","Malaysia","USA","USA",3178.396715,2023,363459.883593
"VNM","Viet Nam","MYS","Malaysia",1124.639826,2017,224809.547288
"VNM","Viet Nam","MYS","Malaysia",1124.639826,2017,224809.547288
"MYS","Malaysia","VNM","Viet Nam",3228.381566,2023,363459.883593
"MYS","Malaysia","VNM","Viet Nam",3228.381566,2023,363459.883593
"NLD","Netherlands","POL","Poland",1591.217424,2020,283355.494495001
"NLD","Netherlands","POL","Poland",1591.217424,2020,283355.494495001
"VNM","Viet Nam","NLD","Netherlands",1537.858446,2017,224809.547288
"VNM","Viet Nam","NLD","Netherlands",1537.858446,2017,224809.547288
"SGP","Singapore","VNM","Viet Nam",4782.943896,2023,363459.883593
"SGP","Singapore","VNM","Viet Nam",4782.943896,2023,363459.883593
